trade_id,order_id,symbol,side_trade,exec_quantity,exec_price,exec_timestamp,destination_trade,symbol_order,side_order,quantity,limit_price,timestamp_x,destination_order,bid,ask,timestamp_y,pi_per_share,pi_dollars,slippage
T00001-1,O00001,AMZN,SELL,1230,303.17,2025-06-02 09:30:10,XNAS,AMZN,SELL,1230,314.08,2025-06-02 09:30:00,XNAS,232.64,232.66,2025-06-02 09:30:00,70.53000000000003,86751.90000000004,10.909999999999968
T00002-1,O00002,MSFT,BUY,287,191.13,2025-06-02 09:30:13,XNAS,MSFT,BUY,430,189.11,2025-06-02 09:30:03,XNAS,292.38,292.57,2025-06-02 09:30:00,101.44,29113.28,2.019999999999982
T00003-1,O00003,AMZN,BUY,230,17.32,2025-06-02 09:30:16,XNYS,AMZN,BUY,230,18.03,2025-06-02 09:30:06,XNYS,232.64,232.66,2025-06-02 09:30:00,215.34,49528.200000000004,0.7100000000000009
T00004-1,O00004,AMZN,SELL,485,84.35,2025-06-02 09:30:19,XNAS,AMZN,SELL,485,80.91,2025-06-02 09:30:09,XNAS,232.64,232.66,2025-06-02 09:30:00,0.0,0.0,3.4399999999999977
T00005-1,O00005,AAPL,BUY,121,12.28,2025-06-02 09:30:22,XNAS,AAPL,BUY,121,12.76,2025-06-02 09:30:12,XNAS,381.42,381.64,2025-06-02 09:30:00,369.36,44692.560000000005,0.4800000000000004
T00002-2,O00002,MSFT,BUY,143,187.68,2025-06-02 09:30:23,XNAS,MSFT,BUY,430,189.11,2025-06-02 09:30:03,XNAS,292.38,292.57,2025-06-02 09:30:00,104.88999999999999,14999.269999999999,1.4300000000000068
T00006-1,O00006,AAPL,BUY,610,67.52,2025-06-02 09:30:25,ARCA,AAPL,BUY,610,64.4,2025-06-02 09:30:15,ARCA,381.42,381.64,2025-06-02 09:30:00,314.12,191613.2,3.1199999999999903
T00007-1,O00007,AMZN,BUY,182,46.87,2025-06-02 09:30:28,XNYS,AMZN,BUY,289,45.34,2025-06-02 09:30:18,XNYS,232.64,232.66,2025-06-02 09:30:00,185.79,33813.78,1.529999999999994
T00008-1,O00008,NVDA,BUY,567,234.47,2025-06-02 09:30:31,EDGX,NVDA,BUY,1367,241.04,2025-06-02 09:30:21,EDGX,218.24,218.46,2025-06-02 09:30:30,0.0,0.0,6.569999999999993
T00009-1,O00009,TSLA,SELL,120,177.42,2025-06-02 09:30:34,XNYS,TSLA,SELL,120,185.69,2025-06-02 09:30:24,XNYS,149.5,149.58,2025-06-02 09:30:30,27.919999999999987,3350.3999999999987,8.27000000000001
T00010-1,O00010,AMZN,SELL,113,315.69,2025-06-02 09:30:37,XNAS,AMZN,SELL,113,325.27,2025-06-02 09:30:27,XNAS,42.08,42.28,2025-06-02 09:30:30,273.61,30917.93,9.579999999999984
T00007-2,O00007,AMZN,BUY,107,44.58,2025-06-02 09:30:38,XNYS,AMZN,BUY,289,45.34,2025-06-02 09:30:18,XNYS,42.08,42.28,2025-06-02 09:30:30,0.0,0.0,0.7600000000000051
T00011-1,O00011,MSFT,BUY,1463,98.85,2025-06-02 09:30:40,ARCA,MSFT,BUY,1463,104.0,2025-06-02 09:30:30,ARCA,377.06,377.1,2025-06-02 09:30:30,278.25,407079.75,5.150000000000006
T00008-2,O00008,NVDA,BUY,800,243.64,2025-06-02 09:30:41,EDGX,NVDA,BUY,1367,241.04,2025-06-02 09:30:21,EDGX,218.24,218.46,2025-06-02 09:30:30,0.0,0.0,2.5999999999999943
T00012-1,O00012,AMZN,BUY,134,350.57,2025-06-02 09:30:43,ARCA,AMZN,BUY,134,364.63,2025-06-02 09:30:33,ARCA,42.08,42.28,2025-06-02 09:30:30,0.0,0.0,14.060000000000002
T00013-1,O00013,MSFT,SELL,537,182.2,2025-06-02 09:30:46,XNYS,MSFT,SELL,1125,175.81,2025-06-02 09:30:36,XNYS,377.06,377.1,2025-06-02 09:30:30,0.0,0.0,6.389999999999986
T00014-1,O00014,MSFT,BUY,802,333.31,2025-06-02 09:30:49,ARCA,MSFT,BUY,802,338.49,2025-06-02 09:30:39,ARCA,377.06,377.1,2025-06-02 09:30:30,43.79000000000002,35119.580000000016,5.180000000000007
T00015-1,O00015,MSFT,BUY,347,242.02,2025-06-02 09:30:52,ARCA,MSFT,BUY,1095,243.18,2025-06-02 09:30:42,ARCA,377.06,377.1,2025-06-02 09:30:30,135.08,46872.76,1.1599999999999966
T00016-1,O00016,AMZN,BUY,251,327.18,2025-06-02 09:30:55,XNAS,AMZN,BUY,395,339.37,2025-06-02 09:30:45,XNAS,42.08,42.28,2025-06-02 09:30:30,0.0,0.0,12.189999999999998
T00013-2,O00013,MSFT,SELL,588,183.25,2025-06-02 09:30:56,XNYS,MSFT,SELL,1125,175.81,2025-06-02 09:30:36,XNYS,377.06,377.1,2025-06-02 09:30:30,0.0,0.0,7.439999999999998
T00017-1,O00017,MSFT,BUY,891,144.14,2025-06-02 09:30:58,ARCA,MSFT,BUY,891,149.13,2025-06-02 09:30:48,ARCA,377.06,377.1,2025-06-02 09:30:30,232.96000000000004,207567.36000000004,4.990000000000009
T00018-1,O00018,AMZN,BUY,1164,130.76,2025-06-02 09:31:01,XNAS,AMZN,BUY,1164,125.55,2025-06-02 09:30:51,XNAS,381.08,381.12,2025-06-02 09:31:00,250.36,291419.04000000004,5.209999999999994
T00015-2,O00015,MSFT,BUY,748,236.48,2025-06-02 09:31:02,ARCA,MSFT,BUY,1095,243.18,2025-06-02 09:30:42,ARCA,280.24,280.46,2025-06-02 09:31:00,43.97999999999999,32897.03999999999,6.700000000000017
T00019-1,O00019,AAPL,BUY,620,319.91,2025-06-02 09:31:04,ARCA,AAPL,BUY,620,311.18,2025-06-02 09:30:54,ARCA,391.18,391.24,2025-06-02 09:31:00,71.32999999999998,44224.59999999999,8.730000000000018
T00016-2,O00016,AMZN,BUY,144,328.39,2025-06-02 09:31:05,XNAS,AMZN,BUY,395,339.37,2025-06-02 09:30:45,XNAS,381.08,381.12,2025-06-02 09:31:00,52.73000000000002,7593.120000000003,10.980000000000018
T00020-1,O00020,NVDA,BUY,491,298.2,2025-06-02 09:31:07,XNAS,NVDA,BUY,491,294.31,2025-06-02 09:30:57,XNAS,25.98,26.14,2025-06-02 09:31:00,0.0,0.0,3.8899999999999864
T00021-1,O00021,NVDA,BUY,49,255.42,2025-06-02 09:31:10,ARCA,NVDA,BUY,330,263.92,2025-06-02 09:31:00,ARCA,25.98,26.14,2025-06-02 09:31:00,0.0,0.0,8.500000000000028
T00022-1,O00022,AAPL,SELL,1029,47.48,2025-06-02 09:31:13,EDGX,AAPL,SELL,1029,47.21,2025-06-02 09:31:03,EDGX,391.18,391.24,2025-06-02 09:31:00,0.0,0.0,0.269999999999996
T00023-1,O00023,TSLA,SELL,476,357.26,2025-06-02 09:31:16,XNAS,TSLA,SELL,825,356.01,2025-06-02 09:31:06,XNAS,359.46,359.6,2025-06-02 09:31:00,0.0,0.0,1.25
T00024-1,O00024,NVDA,BUY,742,309.64,2025-06-02 09:31:19,XNYS,NVDA,BUY,742,306.71,2025-06-02 09:31:09,XNYS,25.98,26.14,2025-06-02 09:31:00,0.0,0.0,2.930000000000007
T00021-2,O00021,NVDA,BUY,281,276.09,2025-06-02 09:31:20,ARCA,NVDA,BUY,330,263.92,2025-06-02 09:31:00,ARCA,25.98,26.14,2025-06-02 09:31:00,0.0,0.0,12.169999999999959
T00025-1,O00025,NVDA,BUY,1138,52.7,2025-06-02 09:31:22,ARCA,NVDA,BUY,1138,53.25,2025-06-02 09:31:12,ARCA,25.98,26.14,2025-06-02 09:31:00,0.0,0.0,0.5499999999999972
T00026-1,O00026,TSLA,BUY,963,250.71,2025-06-02 09:31:25,ARCA,TSLA,BUY,963,258.2,2025-06-02 09:31:15,ARCA,359.46,359.6,2025-06-02 09:31:00,108.89000000000001,104861.07,7.489999999999981
T00023-2,O00023,TSLA,SELL,349,344.78,2025-06-02 09:31:26,XNAS,TSLA,SELL,825,356.01,2025-06-02 09:31:06,XNAS,359.46,359.6,2025-06-02 09:31:00,0.0,0.0,11.230000000000018
T00027-1,O00027,TSLA,BUY,584,105.61,2025-06-02 09:31:28,XNAS,TSLA,BUY,584,107.22,2025-06-02 09:31:18,XNAS,359.46,359.6,2025-06-02 09:31:00,253.99,148330.16,1.6099999999999994
T00028-1,O00028,NVDA,BUY,285,40.52,2025-06-02 09:31:31,EDGX,NVDA,BUY,624,40.02,2025-06-02 09:31:21,EDGX,379.39,379.55,2025-06-02 09:31:30,339.03000000000003,96623.55,0.5
T00029-1,O00029,NVDA,BUY,424,255.72,2025-06-02 09:31:34,XNYS,NVDA,BUY,677,253.5,2025-06-02 09:31:24,XNYS,379.39,379.55,2025-06-02 09:31:30,123.83000000000001,52503.920000000006,2.219999999999999
T00030-1,O00030,AAPL,BUY,895,321.92,2025-06-02 09:31:37,ARCA,AAPL,BUY,895,323.43,2025-06-02 09:31:27,ARCA,250.4,250.56,2025-06-02 09:31:30,0.0,0.0,1.509999999999991
T00031-1,O00031,AMZN,SELL,502,135.68,2025-06-02 09:31:40,EDGX,AMZN,SELL,1454,136.49,2025-06-02 09:31:30,EDGX,315.45,315.61,2025-06-02 09:31:30,0.0,0.0,0.8100000000000023
T00028-2,O00028,NVDA,BUY,339,39.53,2025-06-02 09:31:41,EDGX,NVDA,BUY,624,40.02,2025-06-02 09:31:21,EDGX,379.39,379.55,2025-06-02 09:31:30,340.02,115266.78,0.490000000000002
T00032-1,O00032,AMZN,BUY,132,51.24,2025-06-02 09:31:43,XNAS,AMZN,BUY,289,52.92,2025-06-02 09:31:33,XNAS,315.45,315.61,2025-06-02 09:31:30,264.37,34896.840000000004,1.6799999999999997
T00029-2,O00029,NVDA,BUY,253,248.28,2025-06-02 09:31:44,XNYS,NVDA,BUY,677,253.5,2025-06-02 09:31:24,XNYS,379.39,379.55,2025-06-02 09:31:30,131.27,33211.310000000005,5.219999999999999
T00033-1,O00033,NVDA,BUY,727,151.24,2025-06-02 09:31:46,EDGX,NVDA,BUY,727,147.5,2025-06-02 09:31:36,EDGX,379.39,379.55,2025-06-02 09:31:30,228.31,165981.37,3.740000000000009
T00034-1,O00034,NVDA,BUY,162,56.23,2025-06-02 09:31:49,ARCA,NVDA,BUY,1348,56.75,2025-06-02 09:31:39,ARCA,379.39,379.55,2025-06-02 09:31:30,323.32,52377.84,0.5200000000000031
T00031-2,O00031,AMZN,SELL,952,135.14,2025-06-02 09:31:50,EDGX,AMZN,SELL,1454,136.49,2025-06-02 09:31:30,EDGX,315.45,315.61,2025-06-02 09:31:30,0.0,0.0,1.3500000000000227
T00035-1,O00035,NVDA,BUY,1202,173.65,2025-06-02 09:31:52,XNYS,NVDA,BUY,1356,167.5,2025-06-02 09:31:42,XNYS,379.39,379.55,2025-06-02 09:31:30,205.9,247491.80000000002,6.150000000000006
T00032-2,O00032,AMZN,BUY,157,54.83,2025-06-02 09:31:53,XNAS,AMZN,BUY,289,52.92,2025-06-02 09:31:33,XNAS,315.45,315.61,2025-06-02 09:31:30,260.78000000000003,40942.46000000001,1.9099999999999966
T00036-1,O00036,AAPL,BUY,1391,105.19,2025-06-02 09:31:55,XNYS,AAPL,BUY,1391,108.2,2025-06-02 09:31:45,XNYS,250.4,250.56,2025-06-02 09:31:30,145.37,202209.67,3.010000000000005
T00037-1,O00037,NVDA,BUY,443,24.4,2025-06-02 09:31:58,XNAS,NVDA,BUY,1051,24.39,2025-06-02 09:31:48,XNAS,379.39,379.55,2025-06-02 09:31:30,355.15000000000003,157331.45,0.00999999999999801
T00034-2,O00034,NVDA,BUY,1186,54.06,2025-06-02 09:31:59,ARCA,NVDA,BUY,1348,56.75,2025-06-02 09:31:39,ARCA,379.39,379.55,2025-06-02 09:31:30,325.49,386031.14,2.6899999999999977
T00038-1,O00038,MSFT,BUY,954,122.23,2025-06-02 09:32:01,XNAS,MSFT,BUY,954,118.67,2025-06-02 09:31:51,XNAS,315.62,315.76,2025-06-02 09:32:00,193.52999999999997,184627.61999999997,3.5600000000000023
T00035-2,O00035,NVDA,BUY,154,165.96,2025-06-02 09:32:02,XNYS,NVDA,BUY,1356,167.5,2025-06-02 09:31:42,XNYS,25.86,25.92,2025-06-02 09:32:00,0.0,0.0,1.539999999999992
T00039-1,O00039,AAPL,BUY,1253,225.47,2025-06-02 09:32:04,XNYS,AAPL,BUY,1253,217.06,2025-06-02 09:31:54,XNYS,225.6,225.74,2025-06-02 09:32:00,0.27000000000001023,338.3100000000128,8.409999999999997
T00040-1,O00040,AMZN,BUY,1007,104.95,2025-06-02 09:32:07,EDGX,AMZN,BUY,1307,102.68,2025-06-02 09:31:57,EDGX,180.97,181.15,2025-06-02 09:32:00,76.2,76733.40000000001,2.269999999999996
T00037-2,O00037,NVDA,BUY,608,24.62,2025-06-02 09:32:08,XNAS,NVDA,BUY,1051,24.39,2025-06-02 09:31:48,XNAS,25.86,25.92,2025-06-02 09:32:00,1.3000000000000007,790.4000000000004,0.23000000000000043
T00041-1,O00041,TSLA,SELL,78,167.25,2025-06-02 09:32:10,EDGX,TSLA,SELL,297,165.54,2025-06-02 09:32:00,EDGX,241.3,241.46,2025-06-02 09:32:00,0.0,0.0,1.710000000000008
T00042-1,O00042,AAPL,BUY,165,79.77,2025-06-02 09:32:13,XNAS,AAPL,BUY,286,82.74,2025-06-02 09:32:03,XNAS,225.6,225.74,2025-06-02 09:32:00,145.97000000000003,24085.050000000003,2.969999999999999
T00043-1,O00043,NVDA,BUY,1054,99.69,2025-06-02 09:32:16,XNYS,NVDA,BUY,1054,95.89,2025-06-02 09:32:06,XNYS,25.86,25.92,2025-06-02 09:32:00,0.0,0.0,3.799999999999997
T00040-2,O00040,AMZN,BUY,300,105.81,2025-06-02 09:32:17,EDGX,AMZN,BUY,1307,102.68,2025-06-02 09:31:57,EDGX,180.97,181.15,2025-06-02 09:32:00,75.34,22602.0,3.1299999999999955
T00044-1,O00044,NVDA,SELL,1271,265.11,2025-06-02 09:32:19,ARCA,NVDA,SELL,1271,261.62,2025-06-02 09:32:09,ARCA,25.86,25.92,2025-06-02 09:32:00,239.25,304086.75,3.490000000000009
T00041-2,O00041,TSLA,SELL,219,170.62,2025-06-02 09:32:20,EDGX,TSLA,SELL,297,165.54,2025-06-02 09:32:00,EDGX,241.3,241.46,2025-06-02 09:32:00,0.0,0.0,5.0800000000000125
T00045-1,O00045,AAPL,SELL,650,364.36,2025-06-02 09:32:22,XNAS,AAPL,SELL,650,375.32,2025-06-02 09:32:12,XNAS,225.6,225.74,2025-06-02 09:32:00,138.76000000000002,90194.00000000001,10.95999999999998
T00042-2,O00042,AAPL,BUY,121,81.97,2025-06-02 09:32:23,XNAS,AAPL,BUY,286,82.74,2025-06-02 09:32:03,XNAS,225.6,225.74,2025-06-02 09:32:00,143.77,17396.170000000002,0.769999999999996
T00046-1,O00046,NVDA,BUY,572,88.09,2025-06-02 09:32:25,EDGX,NVDA,BUY,572,91.54,2025-06-02 09:32:15,EDGX,25.86,25.92,2025-06-02 09:32:00,0.0,0.0,3.450000000000003
T00047-1,O00047,MSFT,BUY,243,331.45,2025-06-02 09:32:28,XNAS,MSFT,BUY,243,328.72,2025-06-02 09:32:18,XNAS,315.62,315.76,2025-06-02 09:32:00,0.0,0.0,2.7299999999999613
T00048-1,O00048,AMZN,BUY,82,414.19,2025-06-02 09:32:31,XNYS,AMZN,BUY,101,398.54,2025-06-02 09:32:21,XNYS,179.12,179.14,2025-06-02 09:32:30,0.0,0.0,15.649999999999977
T00049-1,O00049,AMZN,BUY,746,265.26,2025-06-02 09:32:34,XNAS,AMZN,BUY,1283,256.91,2025-06-02 09:32:24,XNAS,179.12,179.14,2025-06-02 09:32:30,0.0,0.0,8.349999999999966
T00050-1,O00050,AAPL,BUY,915,332.31,2025-06-02 09:32:37,ARCA,AAPL,BUY,915,340.2,2025-06-02 09:32:27,ARCA,196.84,197.0,2025-06-02 09:32:30,0.0,0.0,7.889999999999986
T00051-1,O00051,AAPL,SELL,686,369.1,2025-06-02 09:32:40,ARCA,AAPL,SELL,686,374.9,2025-06-02 09:32:30,ARCA,196.84,197.0,2025-06-02 09:32:30,172.26000000000002,118170.36000000002,5.7999999999999545
T00048-2,O00048,AMZN,BUY,19,411.19,2025-06-02 09:32:41,XNYS,AMZN,BUY,101,398.54,2025-06-02 09:32:21,XNYS,179.12,179.14,2025-06-02 09:32:30,0.0,0.0,12.649999999999977
T00052-1,O00052,AMZN,BUY,905,49.25,2025-06-02 09:32:43,EDGX,AMZN,BUY,1235,49.57,2025-06-02 09:32:33,EDGX,179.12,179.14,2025-06-02 09:32:30,129.89,117550.44999999998,0.3200000000000003
T00049-2,O00049,AMZN,BUY,537,253.39,2025-06-02 09:32:44,XNAS,AMZN,BUY,1283,256.91,2025-06-02 09:32:24,XNAS,179.12,179.14,2025-06-02 09:32:30,0.0,0.0,3.5200000000000387
T00053-1,O00053,AAPL,BUY,506,229.92,2025-06-02 09:32:46,XNYS,AAPL,BUY,977,224.01,2025-06-02 09:32:36,XNYS,196.84,197.0,2025-06-02 09:32:30,0.0,0.0,5.909999999999997
T00054-1,O00054,NVDA,SELL,158,17.03,2025-06-02 09:32:49,XNYS,NVDA,SELL,260,17.05,2025-06-02 09:32:39,XNYS,300.16,300.38,2025-06-02 09:32:30,0.0,0.0,0.019999999999999574
T00055-1,O00055,TSLA,BUY,736,288.99,2025-06-02 09:32:52,ARCA,TSLA,BUY,1258,291.17,2025-06-02 09:32:42,ARCA,73.04,73.06,2025-06-02 09:32:30,0.0,0.0,2.180000000000007
T00052-2,O00052,AMZN,BUY,330,48.55,2025-06-02 09:32:53,EDGX,AMZN,BUY,1235,49.57,2025-06-02 09:32:33,EDGX,179.12,179.14,2025-06-02 09:32:30,130.58999999999997,43094.69999999999,1.0200000000000031
T00056-1,O00056,AAPL,BUY,521,154.05,2025-06-02 09:32:55,EDGX,AAPL,BUY,1054,153.41,2025-06-02 09:32:45,EDGX,196.84,197.0,2025-06-02 09:32:30,42.94999999999999,22376.949999999993,0.6400000000000148
T00053-2,O00053,AAPL,BUY,471,215.95,2025-06-02 09:32:56,XNYS,AAPL,BUY,977,224.01,2025-06-02 09:32:36,XNYS,196.84,197.0,2025-06-02 09:32:30,0.0,0.0,8.060000000000002
T00057-1,O00057,TSLA,BUY,1406,174.35,2025-06-02 09:32:58,XNAS,TSLA,BUY,1406,179.41,2025-06-02 09:32:48,XNAS,73.04,73.06,2025-06-02 09:32:30,0.0,0.0,5.060000000000002
T00054-2,O00054,NVDA,SELL,102,17.72,2025-06-02 09:32:59,XNYS,NVDA,SELL,260,17.05,2025-06-02 09:32:39,XNYS,300.16,300.38,2025-06-02 09:32:30,0.0,0.0,0.6699999999999982
T00058-1,O00058,AAPL,BUY,494,363.84,2025-06-02 09:33:01,ARCA,AAPL,BUY,1059,347.03,2025-06-02 09:32:51,ARCA,264.72,264.82,2025-06-02 09:33:00,0.0,0.0,16.810000000000002
T00055-2,O00055,TSLA,BUY,522,277.27,2025-06-02 09:33:02,ARCA,TSLA,BUY,1258,291.17,2025-06-02 09:32:42,ARCA,89.3,89.51,2025-06-02 09:33:00,0.0,0.0,13.900000000000034
T00059-1,O00059,TSLA,BUY,646,315.66,2025-06-02 09:33:04,ARCA,TSLA,BUY,646,309.74,2025-06-02 09:32:54,ARCA,89.3,89.51,2025-06-02 09:33:00,0.0,0.0,5.920000000000016
T00056-2,O00056,AAPL,BUY,533,155.46,2025-06-02 09:33:05,EDGX,AAPL,BUY,1054,153.41,2025-06-02 09:32:45,EDGX,264.72,264.82,2025-06-02 09:33:00,109.35999999999999,58288.87999999999,2.0500000000000114
T00060-1,O00060,AAPL,SELL,257,363.63,2025-06-02 09:33:07,XNAS,AAPL,SELL,257,382.03,2025-06-02 09:32:57,XNAS,264.72,264.82,2025-06-02 09:33:00,98.90999999999997,25419.86999999999,18.399999999999977
T00061-1,O00061,NVDA,SELL,128,357.82,2025-06-02 09:33:10,XNAS,NVDA,SELL,1160,372.04,2025-06-02 09:33:00,XNAS,41.74,41.86,2025-06-02 09:33:00,316.08,40458.24,14.220000000000027
T00058-2,O00058,AAPL,BUY,565,347.92,2025-06-02 09:33:11,ARCA,AAPL,BUY,1059,347.03,2025-06-02 09:32:51,ARCA,264.72,264.82,2025-06-02 09:33:00,0.0,0.0,0.8900000000000432
T00062-1,O00062,TSLA,BUY,34,344.53,2025-06-02 09:33:13,EDGX,TSLA,BUY,799,342.67,2025-06-02 09:33:03,EDGX,89.3,89.51,2025-06-02 09:33:00,0.0,0.0,1.8599999999999568
T00063-1,O00063,TSLA,BUY,588,129.68,2025-06-02 09:33:16,ARCA,TSLA,BUY,1284,133.6,2025-06-02 09:33:06,ARCA,89.3,89.51,2025-06-02 09:33:00,0.0,0.0,3.9199999999999875
T00064-1,O00064,MSFT,BUY,665,274.8,2025-06-02 09:33:19,ARCA,MSFT,BUY,665,281.45,2025-06-02 09:33:09,ARCA,221.5,221.64,2025-06-02 09:33:00,0.0,0.0,6.649999999999977
T00061-2,O00061,NVDA,SELL,1032,374.89,2025-06-02 09:33:20,XNAS,NVDA,SELL,1160,372.04,2025-06-02 09:33:00,XNAS,41.74,41.86,2025-06-02 09:33:00,333.15,343810.8,2.849999999999966
T00065-1,O00065,MSFT,SELL,953,155.47,2025-06-02 09:33:22,EDGX,MSFT,SELL,953,149.87,2025-06-02 09:33:12,EDGX,221.5,221.64,2025-06-02 09:33:00,0.0,0.0,5.599999999999994
T00062-2,O00062,TSLA,BUY,765,347.86,2025-06-02 09:33:23,EDGX,TSLA,BUY,799,342.67,2025-06-02 09:33:03,EDGX,89.3,89.51,2025-06-02 09:33:00,0.0,0.0,5.189999999999998
T00066-1,O00066,NVDA,BUY,610,344.41,2025-06-02 09:33:25,XNAS,NVDA,BUY,884,340.98,2025-06-02 09:33:15,XNAS,41.74,41.86,2025-06-02 09:33:00,0.0,0.0,3.430000000000007
T00063-2,O00063,TSLA,BUY,696,127.07,2025-06-02 09:33:26,ARCA,TSLA,BUY,1284,133.6,2025-06-02 09:33:06,ARCA,89.3,89.51,2025-06-02 09:33:00,0.0,0.0,6.530000000000001
T00067-1,O00067,NVDA,SELL,1162,125.41,2025-06-02 09:33:28,EDGX,NVDA,SELL,1162,124.5,2025-06-02 09:33:18,EDGX,41.74,41.86,2025-06-02 09:33:00,83.66999999999999,97224.53999999998,0.9099999999999966
T00068-1,O00068,MSFT,SELL,1020,246.47,2025-06-02 09:33:31,ARCA,MSFT,SELL,1020,248.49,2025-06-02 09:33:21,ARCA,172.1,172.3,2025-06-02 09:33:30,74.37,75857.40000000001,2.0200000000000102
T00069-1,O00069,MSFT,BUY,122,318.83,2025-06-02 09:33:34,XNAS,MSFT,BUY,135,321.34,2025-06-02 09:33:24,XNAS,172.1,172.3,2025-06-02 09:33:30,0.0,0.0,2.509999999999991
T00066-2,O00066,NVDA,BUY,274,346.61,2025-06-02 09:33:35,XNAS,NVDA,BUY,884,340.98,2025-06-02 09:33:15,XNAS,255.12,255.32,2025-06-02 09:33:30,0.0,0.0,5.6299999999999955
T00070-1,O00070,AMZN,SELL,819,150.07,2025-06-02 09:33:37,XNYS,AMZN,SELL,1266,156.48,2025-06-02 09:33:27,XNYS,309.35,309.48,2025-06-02 09:33:30,0.0,0.0,6.409999999999997
T00071-1,O00071,NVDA,BUY,674,388.57,2025-06-02 09:33:40,XNYS,NVDA,BUY,674,392.92,2025-06-02 09:33:30,XNYS,255.12,255.32,2025-06-02 09:33:30,0.0,0.0,4.350000000000023
T00072-1,O00072,MSFT,SELL,11,24.22,2025-06-02 09:33:43,XNYS,MSFT,SELL,404,24.57,2025-06-02 09:33:33,XNYS,172.1,172.3,2025-06-02 09:33:30,0.0,0.0,0.3500000000000014
T00069-2,O00069,MSFT,BUY,13,316.64,2025-06-02 09:33:44,XNAS,MSFT,BUY,135,321.34,2025-06-02 09:33:24,XNAS,172.1,172.3,2025-06-02 09:33:30,0.0,0.0,4.699999999999989
T00073-1,O00073,NVDA,BUY,1092,336.55,2025-06-02 09:33:46,ARCA,NVDA,BUY,1092,332.87,2025-06-02 09:33:36,ARCA,255.12,255.32,2025-06-02 09:33:30,0.0,0.0,3.680000000000007
T00070-2,O00070,AMZN,SELL,447,160.72,2025-06-02 09:33:47,XNYS,AMZN,SELL,1266,156.48,2025-06-02 09:33:27,XNYS,309.35,309.48,2025-06-02 09:33:30,0.0,0.0,4.240000000000009
T00074-1,O00074,AMZN,SELL,98,42.84,2025-06-02 09:33:49,XNAS,AMZN,SELL,1226,43.29,2025-06-02 09:33:39,XNAS,309.35,309.48,2025-06-02 09:33:30,0.0,0.0,0.44999999999999574
T00075-1,O00075,AMZN,BUY,69,258.18,2025-06-02 09:33:52,ARCA,AMZN,BUY,966,258.6,2025-06-02 09:33:42,ARCA,309.35,309.48,2025-06-02 09:33:30,51.30000000000001,3539.7000000000007,0.4200000000000159
T00072-2,O00072,MSFT,SELL,393,25.11,2025-06-02 09:33:53,XNYS,MSFT,SELL,404,24.57,2025-06-02 09:33:33,XNYS,172.1,172.3,2025-06-02 09:33:30,0.0,0.0,0.5399999999999991
T00076-1,O00076,TSLA,SELL,1229,132.72,2025-06-02 09:33:55,XNAS,TSLA,SELL,1229,135.95,2025-06-02 09:33:45,XNAS,221.82,221.96,2025-06-02 09:33:30,0.0,0.0,3.2299999999999898
T00077-1,O00077,NVDA,BUY,1469,20.57,2025-06-02 09:33:58,XNAS,NVDA,BUY,1469,19.89,2025-06-02 09:33:48,XNAS,255.12,255.32,2025-06-02 09:33:30,234.75,344847.75,0.6799999999999997
T00074-2,O00074,AMZN,SELL,1128,45.26,2025-06-02 09:33:59,XNAS,AMZN,SELL,1226,43.29,2025-06-02 09:33:39,XNAS,309.35,309.48,2025-06-02 09:33:30,0.0,0.0,1.9699999999999989
T00078-1,O00078,AAPL,SELL,1181,366.8,2025-06-02 09:34:01,EDGX,AAPL,SELL,1181,366.93,2025-06-02 09:33:51,EDGX,239.33,239.35,2025-06-02 09:34:00,127.47,150542.07,0.12999999999999545
T00075-2,O00075,AMZN,BUY,897,252.65,2025-06-02 09:34:02,ARCA,AMZN,BUY,966,258.6,2025-06-02 09:33:42,ARCA,265.32,265.58,2025-06-02 09:34:00,12.929999999999978,11598.209999999981,5.950000000000017
T00079-1,O00079,MSFT,BUY,1241,278.72,2025-06-02 09:34:04,ARCA,MSFT,BUY,1241,288.69,2025-06-02 09:33:54,ARCA,164.17,164.33,2025-06-02 09:34:00,0.0,0.0,9.96999999999997
T00080-1,O00080,TSLA,BUY,1395,217.24,2025-06-02 09:34:07,ARCA,TSLA,BUY,1395,211.51,2025-06-02 09:33:57,ARCA,120.65,120.75,2025-06-02 09:34:00,0.0,0.0,5.730000000000018
T00081-1,O00081,TSLA,SELL,346,28.16,2025-06-02 09:34:10,XNYS,TSLA,SELL,346,28.61,2025-06-02 09:34:00,XNYS,120.65,120.75,2025-06-02 09:34:00,0.0,0.0,0.4499999999999993
T00082-1,O00082,NVDA,SELL,17,142.08,2025-06-02 09:34:13,ARCA,NVDA,SELL,796,143.33,2025-06-02 09:34:03,ARCA,243.01,243.21,2025-06-02 09:34:00,0.0,0.0,1.25
T00083-1,O00083,TSLA,BUY,42,342.24,2025-06-02 09:34:16,ARCA,TSLA,BUY,193,343.63,2025-06-02 09:34:06,ARCA,120.65,120.75,2025-06-02 09:34:00,0.0,0.0,1.3899999999999864
T00084-1,O00084,TSLA,BUY,229,292.4,2025-06-02 09:34:19,XNAS,TSLA,BUY,317,307.71,2025-06-02 09:34:09,XNAS,120.65,120.75,2025-06-02 09:34:00,0.0,0.0,15.310000000000002
T00085-1,O00085,AMZN,BUY,354,158.85,2025-06-02 09:34:22,XNYS,AMZN,BUY,456,165.42,2025-06-02 09:34:12,XNYS,265.32,265.58,2025-06-02 09:34:00,106.72999999999999,37782.42,6.569999999999993
T00082-2,O00082,NVDA,SELL,779,146.27,2025-06-02 09:34:23,ARCA,NVDA,SELL,796,143.33,2025-06-02 09:34:03,ARCA,243.01,243.21,2025-06-02 09:34:00,0.0,0.0,2.9399999999999977
T00086-1,O00086,TSLA,SELL,1303,162.61,2025-06-02 09:34:25,XNYS,TSLA,SELL,1303,156.1,2025-06-02 09:34:15,XNYS,120.65,120.75,2025-06-02 09:34:00,41.96000000000001,54673.88000000001,6.510000000000019
T00083-2,O00083,TSLA,BUY,151,329.06,2025-06-02 09:34:26,ARCA,TSLA,BUY,193,343.63,2025-06-02 09:34:06,ARCA,120.65,120.75,2025-06-02 09:34:00,0.0,0.0,14.569999999999993
T00087-1,O00087,NVDA,BUY,868,226.75,2025-06-02 09:34:28,XNAS,NVDA,BUY,868,220.36,2025-06-02 09:34:18,XNAS,243.01,243.21,2025-06-02 09:34:00,16.460000000000008,14287.280000000006,6.389999999999986
T00084-2,O00084,TSLA,BUY,88,322.1,2025-06-02 09:34:29,XNAS,TSLA,BUY,317,307.71,2025-06-02 09:34:09,XNAS,120.65,120.75,2025-06-02 09:34:00,0.0,0.0,14.390000000000043
T00088-1,O00088,AMZN,SELL,435,259.13,2025-06-02 09:34:31,XNAS,AMZN,SELL,435,260.54,2025-06-02 09:34:21,XNAS,244.64,244.8,2025-06-02 09:34:30,14.490000000000009,6303.150000000004,1.410000000000025
T00085-2,O00085,AMZN,BUY,102,162.35,2025-06-02 09:34:32,XNYS,AMZN,BUY,456,165.42,2025-06-02 09:34:12,XNYS,244.64,244.8,2025-06-02 09:34:30,82.45000000000002,8409.900000000001,3.069999999999993
T00089-1,O00089,AMZN,BUY,951,224.74,2025-06-02 09:34:34,XNYS,AMZN,BUY,951,234.43,2025-06-02 09:34:24,XNYS,244.64,244.8,2025-06-02 09:34:30,20.060000000000002,19077.06,9.689999999999998
T00090-1,O00090,NVDA,SELL,216,228.55,2025-06-02 09:34:37,XNAS,NVDA,SELL,1056,222.79,2025-06-02 09:34:27,XNAS,312.58,312.7,2025-06-02 09:34:30,0.0,0.0,5.760000000000019
T00091-1,O00091,AMZN,BUY,1291,368.86,2025-06-02 09:34:40,ARCA,AMZN,BUY,1291,363.09,2025-06-02 09:34:30,ARCA,244.64,244.8,2025-06-02 09:34:30,0.0,0.0,5.770000000000039
T00092-1,O00092,TSLA,BUY,976,17.71,2025-06-02 09:34:43,EDGX,TSLA,BUY,1425,17.11,2025-06-02 09:34:33,EDGX,155.34,155.48,2025-06-02 09:34:30,137.76999999999998,134463.52,0.6000000000000014
T00093-1,O00093,MSFT,SELL,948,269.63,2025-06-02 09:34:46,XNAS,MSFT,SELL,948,265.73,2025-06-02 09:34:36,XNAS,336.0,336.08,2025-06-02 09:34:30,0.0,0.0,3.8999999999999773
T00090-2,O00090,NVDA,SELL,840,225.89,2025-06-02 09:34:47,XNAS,NVDA,SELL,1056,222.79,2025-06-02 09:34:27,XNAS,312.58,312.7,2025-06-02 09:34:30,0.0,0.0,3.0999999999999943
T00094-1,O00094,MSFT,SELL,1121,343.62,2025-06-02 09:34:49,XNAS,MSFT,SELL,1121,327.64,2025-06-02 09:34:39,XNAS,336.0,336.08,2025-06-02 09:34:30,7.6200000000000045,8542.020000000006,15.980000000000018
T00095-1,O00095,AMZN,SELL,1198,358.19,2025-06-02 09:34:52,ARCA,AMZN,SELL,1198,352.21,2025-06-02 09:34:42,ARCA,244.64,244.8,2025-06-02 09:34:30,113.55000000000001,136032.90000000002,5.980000000000018
T00092-2,O00092,TSLA,BUY,449,16.68,2025-06-02 09:34:53,EDGX,TSLA,BUY,1425,17.11,2025-06-02 09:34:33,EDGX,155.34,155.48,2025-06-02 09:34:30,138.79999999999998,62321.19999999999,0.4299999999999997
T00096-1,O00096,AAPL,SELL,778,225.68,2025-06-02 09:34:55,XNAS,AAPL,SELL,860,223.71,2025-06-02 09:34:45,XNAS,159.64,159.76,2025-06-02 09:34:30,66.04000000000002,51379.12000000002,1.9699999999999989
T00097-1,O00097,AAPL,BUY,86,412.77,2025-06-02 09:34:58,ARCA,AAPL,BUY,838,396.3,2025-06-02 09:34:48,ARCA,159.64,159.76,2025-06-02 09:34:30,0.0,0.0,16.46999999999997
T00098-1,O00098,AMZN,BUY,195,146.21,2025-06-02 09:35:01,XNYS,AMZN,BUY,195,142.91,2025-06-02 09:34:51,XNYS,235.88,236.06,2025-06-02 09:35:00,89.85,17520.75,3.3000000000000114
T00099-1,O00099,TSLA,BUY,378,317.18,2025-06-02 09:35:04,XNAS,TSLA,BUY,378,304.27,2025-06-02 09:34:54,XNAS,47.06,47.24,2025-06-02 09:35:00,0.0,0.0,12.910000000000025
T00096-2,O00096,AAPL,SELL,82,234.88,2025-06-02 09:35:05,XNAS,AAPL,SELL,860,223.71,2025-06-02 09:34:45,XNAS,171.07,171.1,2025-06-02 09:35:00,63.81,5232.42,11.169999999999987
T00100-1,O00100,AAPL,BUY,477,331.46,2025-06-02 09:35:07,XNYS,AAPL,BUY,695,332.32,2025-06-02 09:34:57,XNYS,171.07,171.1,2025-06-02 09:35:00,0.0,0.0,0.8600000000000136
T00097-2,O00097,AAPL,BUY,752,377.83,2025-06-02 09:35:08,ARCA,AAPL,BUY,838,396.3,2025-06-02 09:34:48,ARCA,171.07,171.1,2025-06-02 09:35:00,0.0,0.0,18.470000000000027
T00101-1,O00101,TSLA,SELL,276,30.72,2025-06-02 09:35:10,XNAS,TSLA,SELL,276,30.86,2025-06-02 09:35:00,XNAS,47.06,47.24,2025-06-02 09:35:00,0.0,0.0,0.14000000000000057
T00102-1,O00102,AAPL,SELL,364,138.95,2025-06-02 09:35:13,XNYS,AAPL,SELL,364,134.53,2025-06-02 09:35:03,XNYS,171.07,171.1,2025-06-02 09:35:00,0.0,0.0,4.4199999999999875
T00103-1,O00103,AMZN,BUY,1490,43.12,2025-06-02 09:35:16,XNAS,AMZN,BUY,1490,42.48,2025-06-02 09:35:06,XNAS,235.88,236.06,2025-06-02 09:35:00,192.94,287480.6,0.6400000000000006
T00100-2,O00100,AAPL,BUY,218,344.35,2025-06-02 09:35:17,XNYS,AAPL,BUY,695,332.32,2025-06-02 09:34:57,XNYS,171.07,171.1,2025-06-02 09:35:00,0.0,0.0,12.03000000000003
T00104-1,O00104,NVDA,SELL,995,273.93,2025-06-02 09:35:19,ARCA,NVDA,SELL,1047,272.28,2025-06-02 09:35:09,ARCA,167.89,168.04,2025-06-02 09:35:00,106.04000000000002,105509.80000000002,1.650000000000034
T00105-1,O00105,TSLA,SELL,668,55.31,2025-06-02 09:35:22,XNAS,TSLA,SELL,668,54.25,2025-06-02 09:35:12,XNAS,47.06,47.24,2025-06-02 09:35:00,8.25,5511.0,1.0600000000000023
T00106-1,O00106,MSFT,SELL,474,229.36,2025-06-02 09:35:25,XNAS,MSFT,SELL,497,224.32,2025-06-02 09:35:15,XNAS,180.48,180.5,2025-06-02 09:35:00,48.880000000000024,23169.12000000001,5.0400000000000205
T00107-1,O00107,NVDA,SELL,334,293.94,2025-06-02 09:35:28,EDGX,NVDA,SELL,334,285.27,2025-06-02 09:35:18,EDGX,167.89,168.04,2025-06-02 09:35:00,126.05000000000001,42100.700000000004,8.670000000000016
T00104-2,O00104,NVDA,SELL,52,271.76,2025-06-02 09:35:29,ARCA,NVDA,SELL,1047,272.28,2025-06-02 09:35:09,ARCA,167.89,168.04,2025-06-02 09:35:00,103.87,5401.24,0.5199999999999818
T00108-1,O00108,AMZN,SELL,982,246.56,2025-06-02 09:35:31,XNAS,AMZN,SELL,1053,251.11,2025-06-02 09:35:21,XNAS,164.66,164.74,2025-06-02 09:35:30,81.9,80425.8,4.550000000000011
T00109-1,O00109,TSLA,BUY,493,361.99,2025-06-02 09:35:34,XNYS,TSLA,BUY,1045,357.84,2025-06-02 09:35:24,XNYS,101.41,101.63,2025-06-02 09:35:30,0.0,0.0,4.150000000000034
T00106-2,O00106,MSFT,SELL,23,214.57,2025-06-02 09:35:35,XNAS,MSFT,SELL,497,224.32,2025-06-02 09:35:15,XNAS,344.6,344.62,2025-06-02 09:35:30,0.0,0.0,9.75
T00110-1,O00110,TSLA,BUY,438,235.81,2025-06-02 09:35:37,XNAS,TSLA,BUY,438,236.71,2025-06-02 09:35:27,XNAS,101.41,101.63,2025-06-02 09:35:30,0.0,0.0,0.9000000000000057
T00111-1,O00111,AAPL,SELL,414,345.81,2025-06-02 09:35:40,XNAS,AAPL,SELL,610,364.0,2025-06-02 09:35:30,XNAS,131.68,131.8,2025-06-02 09:35:30,214.13,88649.81999999999,18.189999999999998
T00108-2,O00108,AMZN,SELL,71,254.27,2025-06-02 09:35:41,XNAS,AMZN,SELL,1053,251.11,2025-06-02 09:35:21,XNAS,164.66,164.74,2025-06-02 09:35:30,89.61000000000001,6362.310000000001,3.1599999999999966
T00112-1,O00112,AMZN,BUY,1063,40.48,2025-06-02 09:35:43,XNAS,AMZN,BUY,1375,42.57,2025-06-02 09:35:33,XNAS,164.66,164.74,2025-06-02 09:35:30,124.26000000000002,132088.38000000003,2.0900000000000034
T00109-2,O00109,TSLA,BUY,552,348.28,2025-06-02 09:35:44,XNYS,TSLA,BUY,1045,357.84,2025-06-02 09:35:24,XNYS,101.41,101.63,2025-06-02 09:35:30,0.0,0.0,9.560000000000002
T00113-1,O00113,AMZN,BUY,190,105.95,2025-06-02 09:35:46,EDGX,AMZN,BUY,190,107.0,2025-06-02 09:35:36,EDGX,164.66,164.74,2025-06-02 09:35:30,58.790000000000006,11170.1,1.0499999999999972
T00114-1,O00114,NVDA,BUY,853,192.39,2025-06-02 09:35:49,XNYS,NVDA,BUY,853,192.78,2025-06-02 09:35:39,XNYS,239.4,239.55,2025-06-02 09:35:30,47.160000000000025,40227.48000000002,0.3900000000000148
T00111-2,O00111,AAPL,SELL,196,352.55,2025-06-02 09:35:50,XNAS,AAPL,SELL,610,364.0,2025-06-02 09:35:30,XNAS,131.68,131.8,2025-06-02 09:35:30,220.87,43290.520000000004,11.449999999999989
T00115-1,O00115,AMZN,BUY,440,323.34,2025-06-02 09:35:52,EDGX,AMZN,BUY,928,330.89,2025-06-02 09:35:42,EDGX,164.66,164.74,2025-06-02 09:35:30,0.0,0.0,7.550000000000011
T00112-2,O00112,AMZN,BUY,312,40.67,2025-06-02 09:35:53,XNAS,AMZN,BUY,1375,42.57,2025-06-02 09:35:33,XNAS,164.66,164.74,2025-06-02 09:35:30,124.07000000000001,38709.840000000004,1.8999999999999986
T00116-1,O00116,AAPL,SELL,409,378.95,2025-06-02 09:35:55,EDGX,AAPL,SELL,447,385.25,2025-06-02 09:35:45,EDGX,131.68,131.8,2025-06-02 09:35:30,247.26999999999998,101133.43,6.300000000000011
T00117-1,O00117,AMZN,BUY,923,210.42,2025-06-02 09:35:58,XNAS,AMZN,BUY,923,216.06,2025-06-02 09:35:48,XNAS,164.66,164.74,2025-06-02 09:35:30,0.0,0.0,5.640000000000015
T00118-1,O00118,MSFT,BUY,771,226.1,2025-06-02 09:36:01,EDGX,MSFT,BUY,771,226.84,2025-06-02 09:35:51,EDGX,184.94,185.1,2025-06-02 09:36:00,0.0,0.0,0.7400000000000091
T00115-2,O00115,AMZN,BUY,488,327.52,2025-06-02 09:36:02,EDGX,AMZN,BUY,928,330.89,2025-06-02 09:35:42,EDGX,239.15,239.39,2025-06-02 09:36:00,0.0,0.0,3.3700000000000045
T00119-1,O00119,TSLA,BUY,324,405.82,2025-06-02 09:36:04,XNAS,TSLA,BUY,1336,397.26,2025-06-02 09:35:54,XNAS,108.44,108.54,2025-06-02 09:36:00,0.0,0.0,8.560000000000002
T00116-2,O00116,AAPL,SELL,38,386.12,2025-06-02 09:36:05,EDGX,AAPL,SELL,447,385.25,2025-06-02 09:35:45,EDGX,182.34,182.43,2025-06-02 09:36:00,203.78,7743.64,0.8700000000000045
T00120-1,O00120,AMZN,BUY,73,245.49,2025-06-02 09:36:07,XNYS,AMZN,BUY,146,255.47,2025-06-02 09:35:57,XNYS,239.15,239.39,2025-06-02 09:36:00,0.0,0.0,9.97999999999999
T00121-1,O00121,AAPL,SELL,1164,377.95,2025-06-02 09:36:10,XNAS,AAPL,SELL,1382,361.45,2025-06-02 09:36:00,XNAS,182.34,182.43,2025-06-02 09:36:00,195.60999999999999,227690.03999999998,16.5
T00122-1,O00122,NVDA,BUY,835,31.23,2025-06-02 09:36:13,XNYS,NVDA,BUY,835,32.57,2025-06-02 09:36:03,XNYS,66.79,66.91,2025-06-02 09:36:00,35.67999999999999,29792.799999999996,1.3399999999999999
T00119-2,O00119,TSLA,BUY,1012,400.8,2025-06-02 09:36:14,XNAS,TSLA,BUY,1336,397.26,2025-06-02 09:35:54,XNAS,108.44,108.54,2025-06-02 09:36:00,0.0,0.0,3.5400000000000205
T00123-1,O00123,AMZN,BUY,295,122.66,2025-06-02 09:36:16,ARCA,AMZN,BUY,472,118.18,2025-06-02 09:36:06,ARCA,239.15,239.39,2025-06-02 09:36:00,116.72999999999999,34435.35,4.47999999999999
T00120-2,O00120,AMZN,BUY,73,252.7,2025-06-02 09:36:17,XNYS,AMZN,BUY,146,255.47,2025-06-02 09:35:57,XNYS,239.15,239.39,2025-06-02 09:36:00,0.0,0.0,2.7700000000000102
T00124-1,O00124,AMZN,BUY,797,103.48,2025-06-02 09:36:19,ARCA,AMZN,BUY,797,99.46,2025-06-02 09:36:09,ARCA,239.15,239.39,2025-06-02 09:36:00,135.90999999999997,108320.26999999997,4.02000000000001
T00121-2,O00121,AAPL,SELL,218,372.22,2025-06-02 09:36:20,XNAS,AAPL,SELL,1382,361.45,2025-06-02 09:36:00,XNAS,182.34,182.43,2025-06-02 09:36:00,189.88000000000002,41393.840000000004,10.770000000000039
T00125-1,O00125,AMZN,BUY,153,404.22,2025-06-02 09:36:22,XNYS,AMZN,BUY,839,394.62,2025-06-02 09:36:12,XNYS,239.15,239.39,2025-06-02 09:36:00,0.0,0.0,9.600000000000023
T00126-1,O00126,AAPL,BUY,310,280.03,2025-06-02 09:36:25,XNAS,AAPL,BUY,560,277.05,2025-06-02 09:36:15,XNAS,182.34,182.43,2025-06-02 09:36:00,0.0,0.0,2.9799999999999613
T00123-2,O00123,AMZN,BUY,177,123.44,2025-06-02 09:36:26,ARCA,AMZN,BUY,472,118.18,2025-06-02 09:36:06,ARCA,239.15,239.39,2025-06-02 09:36:00,115.94999999999999,20523.149999999998,5.259999999999991
T00127-1,O00127,TSLA,SELL,1131,364.62,2025-06-02 09:36:28,EDGX,TSLA,SELL,1376,376.81,2025-06-02 09:36:18,EDGX,108.44,108.54,2025-06-02 09:36:00,256.18,289739.58,12.189999999999998
T00128-1,O00128,TSLA,SELL,549,44.2,2025-06-02 09:36:31,XNYS,TSLA,SELL,549,42.27,2025-06-02 09:36:21,XNYS,227.6,227.74,2025-06-02 09:36:30,0.0,0.0,1.9299999999999997
T00125-2,O00125,AMZN,BUY,686,377.45,2025-06-02 09:36:32,XNYS,AMZN,BUY,839,394.62,2025-06-02 09:36:12,XNYS,183.97,184.19,2025-06-02 09:36:30,0.0,0.0,17.170000000000016
T00129-1,O00129,MSFT,BUY,54,21.23,2025-06-02 09:36:34,XNAS,MSFT,BUY,1128,20.28,2025-06-02 09:36:24,XNAS,149.06,149.2,2025-06-02 09:36:30,127.96999999999998,6910.379999999999,0.9499999999999993
T00126-2,O00126,AAPL,BUY,250,277.4,2025-06-02 09:36:35,XNAS,AAPL,BUY,560,277.05,2025-06-02 09:36:15,XNAS,157.87,158.03,2025-06-02 09:36:30,0.0,0.0,0.3499999999999659
T00130-1,O00130,AAPL,BUY,1362,69.33,2025-06-02 09:36:37,XNAS,AAPL,BUY,1362,68.66,2025-06-02 09:36:27,XNAS,157.87,158.03,2025-06-02 09:36:30,88.7,120809.40000000001,0.6700000000000017
T00127-2,O00127,TSLA,SELL,245,366.28,2025-06-02 09:36:38,EDGX,TSLA,SELL,1376,376.81,2025-06-02 09:36:18,EDGX,227.6,227.74,2025-06-02 09:36:30,138.67999999999998,33976.59999999999,10.53000000000003
T00131-1,O00131,MSFT,BUY,926,327.39,2025-06-02 09:36:40,XNAS,MSFT,BUY,926,338.43,2025-06-02 09:36:30,XNAS,149.06,149.2,2025-06-02 09:36:30,0.0,0.0,11.04000000000002
T00132-1,O00132,AAPL,BUY,419,63.81,2025-06-02 09:36:43,XNAS,AAPL,BUY,1222,62.2,2025-06-02 09:36:33,XNAS,157.87,158.03,2025-06-02 09:36:30,94.22,39478.18,1.6099999999999994
T00129-2,O00129,MSFT,BUY,1074,21.06,2025-06-02 09:36:44,XNAS,MSFT,BUY,1128,20.28,2025-06-02 09:36:24,XNAS,149.06,149.2,2025-06-02 09:36:30,128.14,137622.36,0.7799999999999976
T00133-1,O00133,AMZN,SELL,3,233.78,2025-06-02 09:36:46,XNAS,AMZN,SELL,870,226.62,2025-06-02 09:36:36,XNAS,183.97,184.19,2025-06-02 09:36:30,49.81,149.43,7.159999999999997
T00134-1,O00134,TSLA,SELL,125,106.86,2025-06-02 09:36:49,XNYS,TSLA,SELL,182,106.47,2025-06-02 09:36:39,XNYS,227.6,227.74,2025-06-02 09:36:30,0.0,0.0,0.39000000000000057
T00135-1,O00135,AAPL,BUY,101,112.36,2025-06-02 09:36:52,ARCA,AAPL,BUY,150,117.15,2025-06-02 09:36:42,ARCA,157.87,158.03,2025-06-02 09:36:30,45.67,4612.67,4.790000000000006
T00132-2,O00132,AAPL,BUY,803,63.42,2025-06-02 09:36:53,XNAS,AAPL,BUY,1222,62.2,2025-06-02 09:36:33,XNAS,157.87,158.03,2025-06-02 09:36:30,94.61,75971.83,1.2199999999999989
T00136-1,O00136,AAPL,SELL,133,146.28,2025-06-02 09:36:55,ARCA,AAPL,SELL,133,149.68,2025-06-02 09:36:45,ARCA,157.87,158.03,2025-06-02 09:36:30,0.0,0.0,3.4000000000000057
T00133-2,O00133,AMZN,SELL,867,220.38,2025-06-02 09:36:56,XNAS,AMZN,SELL,870,226.62,2025-06-02 09:36:36,XNAS,183.97,184.19,2025-06-02 09:36:30,36.41,31567.469999999998,6.240000000000009
T00137-1,O00137,MSFT,BUY,537,323.3,2025-06-02 09:36:58,EDGX,MSFT,BUY,537,311.2,2025-06-02 09:36:48,EDGX,149.06,149.2,2025-06-02 09:36:30,0.0,0.0,12.100000000000023
T00134-2,O00134,TSLA,SELL,57,107.46,2025-06-02 09:36:59,XNYS,TSLA,SELL,182,106.47,2025-06-02 09:36:39,XNYS,227.6,227.74,2025-06-02 09:36:30,0.0,0.0,0.9899999999999949
T00138-1,O00138,MSFT,SELL,1177,401.16,2025-06-02 09:37:01,XNYS,MSFT,SELL,1177,387.51,2025-06-02 09:36:51,XNYS,57.92,58.0,2025-06-02 09:37:00,343.24,403993.48000000004,13.650000000000034
T00135-2,O00135,AAPL,BUY,49,121.57,2025-06-02 09:37:02,ARCA,AAPL,BUY,150,117.15,2025-06-02 09:36:42,ARCA,23.2,23.46,2025-06-02 09:37:00,0.0,0.0,4.4199999999999875
T00139-1,O00139,NVDA,BUY,521,193.85,2025-06-02 09:37:04,EDGX,NVDA,BUY,723,197.22,2025-06-02 09:36:54,EDGX,30.08,30.24,2025-06-02 09:37:00,0.0,0.0,3.3700000000000045
T00140-1,O00140,TSLA,SELL,677,310.59,2025-06-02 09:37:07,EDGX,TSLA,SELL,677,323.97,2025-06-02 09:36:57,EDGX,44.52,44.56,2025-06-02 09:37:00,266.07,180129.38999999998,13.380000000000052
T00141-1,O00141,AMZN,SELL,1148,237.01,2025-06-02 09:37:10,XNYS,AMZN,SELL,1429,240.07,2025-06-02 09:37:00,XNYS,97.6,97.66,2025-06-02 09:37:00,139.41,160042.68,3.0600000000000023
T00142-1,O00142,NVDA,BUY,1431,213.42,2025-06-02 09:37:13,XNAS,NVDA,BUY,1431,223.5,2025-06-02 09:37:03,XNAS,30.08,30.24,2025-06-02 09:37:00,0.0,0.0,10.080000000000013
T00139-2,O00139,NVDA,BUY,202,205.73,2025-06-02 09:37:14,EDGX,NVDA,BUY,723,197.22,2025-06-02 09:36:54,EDGX,30.08,30.24,2025-06-02 09:37:00,0.0,0.0,8.509999999999991
T00143-1,O00143,AMZN,BUY,454,362.32,2025-06-02 09:37:16,XNAS,AMZN,BUY,1229,346.32,2025-06-02 09:37:06,XNAS,97.6,97.66,2025-06-02 09:37:00,0.0,0.0,16.0
T00144-1,O00144,TSLA,BUY,81,323.58,2025-06-02 09:37:19,XNAS,TSLA,BUY,283,338.42,2025-06-02 09:37:09,XNAS,44.52,44.56,2025-06-02 09:37:00,0.0,0.0,14.840000000000032
T00141-2,O00141,AMZN,SELL,281,234.3,2025-06-02 09:37:20,XNYS,AMZN,SELL,1429,240.07,2025-06-02 09:37:00,XNYS,97.6,97.66,2025-06-02 09:37:00,136.70000000000002,38412.700000000004,5.769999999999982
T00145-1,O00145,AMZN,BUY,93,408.15,2025-06-02 09:37:22,XNAS,AMZN,BUY,168,392.21,2025-06-02 09:37:12,XNAS,97.6,97.66,2025-06-02 09:37:00,0.0,0.0,15.939999999999998
T00146-1,O00146,MSFT,BUY,98,104.11,2025-06-02 09:37:25,EDGX,MSFT,BUY,142,103.66,2025-06-02 09:37:15,EDGX,57.92,58.0,2025-06-02 09:37:00,0.0,0.0,0.45000000000000284
T00143-2,O00143,AMZN,BUY,775,332.8,2025-06-02 09:37:26,XNAS,AMZN,BUY,1229,346.32,2025-06-02 09:37:06,XNAS,97.6,97.66,2025-06-02 09:37:00,0.0,0.0,13.519999999999982
T00147-1,O00147,AAPL,BUY,947,71.86,2025-06-02 09:37:28,XNYS,AAPL,BUY,947,69.24,2025-06-02 09:37:18,XNYS,23.2,23.46,2025-06-02 09:37:00,0.0,0.0,2.6200000000000045
T00144-2,O00144,TSLA,BUY,202,351.38,2025-06-02 09:37:29,XNAS,TSLA,BUY,283,338.42,2025-06-02 09:37:09,XNAS,44.52,44.56,2025-06-02 09:37:00,0.0,0.0,12.95999999999998
T00148-1,O00148,AMZN,BUY,380,372.99,2025-06-02 09:37:31,EDGX,AMZN,BUY,380,359.75,2025-06-02 09:37:21,EDGX,135.9,136.14,2025-06-02 09:37:30,0.0,0.0,13.240000000000009
T00145-2,O00145,AMZN,BUY,75,395.01,2025-06-02 09:37:32,XNAS,AMZN,BUY,168,392.21,2025-06-02 09:37:12,XNAS,135.9,136.14,2025-06-02 09:37:30,0.0,0.0,2.8000000000000114
T00149-1,O00149,NVDA,SELL,97,82.08,2025-06-02 09:37:34,EDGX,NVDA,SELL,160,84.99,2025-06-02 09:37:24,EDGX,277.52,277.53,2025-06-02 09:37:30,0.0,0.0,2.9099999999999966
T00146-2,O00146,MSFT,BUY,44,107.44,2025-06-02 09:37:35,EDGX,MSFT,BUY,142,103.66,2025-06-02 09:37:15,EDGX,164.92,165.04,2025-06-02 09:37:30,57.599999999999994,2534.3999999999996,3.780000000000001
T00150-1,O00150,TSLA,BUY,703,150.48,2025-06-02 09:37:37,XNYS,TSLA,BUY,703,145.57,2025-06-02 09:37:27,XNYS,236.2,236.28,2025-06-02 09:37:30,85.80000000000001,60317.40000000001,4.909999999999997
T00151-1,O00151,TSLA,BUY,744,197.86,2025-06-02 09:37:40,XNYS,TSLA,BUY,744,189.7,2025-06-02 09:37:30,XNYS,236.2,236.28,2025-06-02 09:37:30,38.41999999999999,28584.479999999992,8.160000000000025
T00152-1,O00152,MSFT,BUY,191,46.91,2025-06-02 09:37:43,EDGX,MSFT,BUY,1196,45.99,2025-06-02 09:37:33,EDGX,164.92,165.04,2025-06-02 09:37:30,118.13,22562.829999999998,0.9199999999999946
T00149-2,O00149,NVDA,SELL,63,82.1,2025-06-02 09:37:44,EDGX,NVDA,SELL,160,84.99,2025-06-02 09:37:24,EDGX,277.52,277.53,2025-06-02 09:37:30,0.0,0.0,2.8900000000000006
T00153-1,O00153,AAPL,SELL,1179,364.06,2025-06-02 09:37:46,EDGX,AAPL,SELL,1179,350.7,2025-06-02 09:37:36,EDGX,237.93,238.11,2025-06-02 09:37:30,126.13,148707.27,13.360000000000014
T00154-1,O00154,TSLA,BUY,761,309.15,2025-06-02 09:37:49,XNAS,TSLA,BUY,903,324.42,2025-06-02 09:37:39,XNAS,236.2,236.28,2025-06-02 09:37:30,0.0,0.0,15.270000000000039
T00155-1,O00155,NVDA,BUY,672,215.65,2025-06-02 09:37:52,ARCA,NVDA,BUY,818,219.27,2025-06-02 09:37:42,ARCA,277.52,277.53,2025-06-02 09:37:30,61.87999999999997,41583.35999999998,3.6200000000000045
T00152-2,O00152,MSFT,BUY,1005,44.56,2025-06-02 09:37:53,EDGX,MSFT,BUY,1196,45.99,2025-06-02 09:37:33,EDGX,164.92,165.04,2025-06-02 09:37:30,120.47999999999999,121082.4,1.4299999999999997
T00156-1,O00156,MSFT,SELL,177,180.89,2025-06-02 09:37:55,XNAS,MSFT,SELL,177,190.39,2025-06-02 09:37:45,XNAS,164.92,165.04,2025-06-02 09:37:30,15.969999999999999,2826.6899999999996,9.5
T00157-1,O00157,MSFT,BUY,589,61.97,2025-06-02 09:37:58,EDGX,MSFT,BUY,1435,61.92,2025-06-02 09:37:48,EDGX,164.92,165.04,2025-06-02 09:37:30,103.07,60708.229999999996,0.04999999999999716
T00154-2,O00154,TSLA,BUY,142,334.99,2025-06-02 09:37:59,XNAS,TSLA,BUY,903,324.42,2025-06-02 09:37:39,XNAS,236.2,236.28,2025-06-02 09:37:30,0.0,0.0,10.569999999999993
T00158-1,O00158,NVDA,BUY,1070,181.29,2025-06-02 09:38:01,EDGX,NVDA,BUY,1397,184.49,2025-06-02 09:37:51,EDGX,61.74,61.78,2025-06-02 09:38:00,0.0,0.0,3.200000000000017
T00155-2,O00155,NVDA,BUY,146,224.61,2025-06-02 09:38:02,ARCA,NVDA,BUY,818,219.27,2025-06-02 09:37:42,ARCA,61.74,61.78,2025-06-02 09:38:00,0.0,0.0,5.340000000000003
T00159-1,O00159,NVDA,BUY,223,80.09,2025-06-02 09:38:04,EDGX,NVDA,BUY,584,81.09,2025-06-02 09:37:54,EDGX,61.74,61.78,2025-06-02 09:38:00,0.0,0.0,1.0
T00160-1,O00160,AAPL,SELL,185,141.57,2025-06-02 09:38:07,ARCA,AAPL,SELL,185,137.72,2025-06-02 09:37:57,ARCA,213.42,213.52,2025-06-02 09:38:00,0.0,0.0,3.8499999999999943
T00157-2,O00157,MSFT,BUY,846,58.86,2025-06-02 09:38:08,EDGX,MSFT,BUY,1435,61.92,2025-06-02 09:37:48,EDGX,217.56,217.6,2025-06-02 09:38:00,158.74,134294.04,3.0600000000000023
T00161-1,O00161,AAPL,SELL,467,199.94,2025-06-02 09:38:10,XNYS,AAPL,SELL,1335,194.85,2025-06-02 09:38:00,XNYS,213.42,213.52,2025-06-02 09:38:00,0.0,0.0,5.090000000000003
T00158-2,O00158,NVDA,BUY,327,185.59,2025-06-02 09:38:11,EDGX,NVDA,BUY,1397,184.49,2025-06-02 09:37:51,EDGX,61.74,61.78,2025-06-02 09:38:00,0.0,0.0,1.0999999999999943
T00162-1,O00162,NVDA,SELL,994,43.21,2025-06-02 09:38:13,EDGX,NVDA,SELL,1269,43.9,2025-06-02 09:38:03,EDGX,61.74,61.78,2025-06-02 09:38:00,0.0,0.0,0.6899999999999977
T00159-2,O00159,NVDA,BUY,361,77.11,2025-06-02 09:38:14,EDGX,NVDA,BUY,584,81.09,2025-06-02 09:37:54,EDGX,61.74,61.78,2025-06-02 09:38:00,0.0,0.0,3.980000000000004
T00163-1,O00163,MSFT,BUY,37,220.99,2025-06-02 09:38:16,XNYS,MSFT,BUY,1492,230.14,2025-06-02 09:38:06,XNYS,217.56,217.6,2025-06-02 09:38:00,0.0,0.0,9.149999999999977
T00164-1,O00164,AAPL,BUY,484,250.59,2025-06-02 09:38:19,XNYS,AAPL,BUY,791,261.91,2025-06-02 09:38:09,XNYS,213.42,213.52,2025-06-02 09:38:00,0.0,0.0,11.320000000000022
T00161-2,O00161,AAPL,SELL,868,195.65,2025-06-02 09:38:20,XNYS,AAPL,SELL,1335,194.85,2025-06-02 09:38:00,XNYS,213.42,213.52,2025-06-02 09:38:00,0.0,0.0,0.8000000000000114
T00165-1,O00165,NVDA,BUY,976,142.6,2025-06-02 09:38:22,XNAS,NVDA,BUY,976,138.84,2025-06-02 09:38:12,XNAS,61.74,61.78,2025-06-02 09:38:00,0.0,0.0,3.759999999999991
T00162-2,O00162,NVDA,SELL,275,44.48,2025-06-02 09:38:23,EDGX,NVDA,SELL,1269,43.9,2025-06-02 09:38:03,EDGX,61.74,61.78,2025-06-02 09:38:00,0.0,0.0,0.5799999999999983
T00166-1,O00166,AAPL,BUY,376,70.19,2025-06-02 09:38:25,EDGX,AAPL,BUY,376,69.62,2025-06-02 09:38:15,EDGX,213.42,213.52,2025-06-02 09:38:00,143.33,53892.08,0.5699999999999932
T00163-2,O00163,MSFT,BUY,1455,240.2,2025-06-02 09:38:26,XNYS,MSFT,BUY,1492,230.14,2025-06-02 09:38:06,XNYS,217.56,217.6,2025-06-02 09:38:00,0.0,0.0,10.060000000000002
T00167-1,O00167,AMZN,SELL,449,74.19,2025-06-02 09:38:28,EDGX,AMZN,SELL,449,77.62,2025-06-02 09:38:18,EDGX,376.43,376.62,2025-06-02 09:38:00,0.0,0.0,3.430000000000007
T00164-2,O00164,AAPL,BUY,307,256.7,2025-06-02 09:38:29,XNYS,AAPL,BUY,791,261.91,2025-06-02 09:38:09,XNYS,213.42,213.52,2025-06-02 09:38:00,0.0,0.0,5.210000000000036
T00168-1,O00168,AAPL,BUY,210,17.75,2025-06-02 09:38:31,XNAS,AAPL,BUY,342,17.11,2025-06-02 09:38:21,XNAS,295.0,295.04,2025-06-02 09:38:30,277.29,58230.9,0.6400000000000006
T00169-1,O00169,AMZN,SELL,105,164.27,2025-06-02 09:38:34,ARCA,AMZN,SELL,105,165.16,2025-06-02 09:38:24,ARCA,391.62,391.72,2025-06-02 09:38:30,0.0,0.0,0.8899999999999864
T00170-1,O00170,NVDA,SELL,745,375.84,2025-06-02 09:38:37,XNYS,NVDA,SELL,745,390.28,2025-06-02 09:38:27,XNYS,109.48,109.65,2025-06-02 09:38:30,266.35999999999996,198438.19999999995,14.439999999999998
T00171-1,O00171,NVDA,SELL,293,224.5,2025-06-02 09:38:40,ARCA,NVDA,SELL,293,227.14,2025-06-02 09:38:30,ARCA,109.48,109.65,2025-06-02 09:38:30,115.02,33700.86,2.6399999999999864
T00168-2,O00168,AAPL,BUY,132,17.92,2025-06-02 09:38:41,XNAS,AAPL,BUY,342,17.11,2025-06-02 09:38:21,XNAS,295.0,295.04,2025-06-02 09:38:30,277.12,36579.840000000004,0.8100000000000023
T00172-1,O00172,MSFT,BUY,1423,85.68,2025-06-02 09:38:43,XNYS,MSFT,BUY,1423,89.98,2025-06-02 09:38:33,XNYS,101.36,101.6,2025-06-02 09:38:30,15.919999999999987,22654.15999999998,4.299999999999997
T00173-1,O00173,AMZN,BUY,79,306.61,2025-06-02 09:38:46,ARCA,AMZN,BUY,324,297.14,2025-06-02 09:38:36,ARCA,391.62,391.72,2025-06-02 09:38:30,85.11000000000001,6723.690000000001,9.470000000000027
T00174-1,O00174,AAPL,SELL,419,43.8,2025-06-02 09:38:49,XNYS,AAPL,SELL,419,44.04,2025-06-02 09:38:39,XNYS,295.0,295.04,2025-06-02 09:38:30,0.0,0.0,0.240000000000002
T00175-1,O00175,NVDA,SELL,738,228.53,2025-06-02 09:38:52,XNAS,NVDA,SELL,944,217.71,2025-06-02 09:38:42,XNAS,109.48,109.65,2025-06-02 09:38:30,119.05,87858.9,10.819999999999993
T00176-1,O00176,MSFT,BUY,360,35.95,2025-06-02 09:38:55,ARCA,MSFT,BUY,360,34.72,2025-06-02 09:38:45,ARCA,101.36,101.6,2025-06-02 09:38:30,65.64999999999999,23633.999999999996,1.230000000000004
T00173-2,O00173,AMZN,BUY,245,289.79,2025-06-02 09:38:56,ARCA,AMZN,BUY,324,297.14,2025-06-02 09:38:36,ARCA,391.62,391.72,2025-06-02 09:38:30,101.93,24972.850000000002,7.349999999999966
T00177-1,O00177,MSFT,BUY,420,66.03,2025-06-02 09:38:58,XNAS,MSFT,BUY,420,64.14,2025-06-02 09:38:48,XNAS,101.36,101.6,2025-06-02 09:38:30,35.56999999999999,14939.399999999998,1.8900000000000006
T00178-1,O00178,AAPL,BUY,1010,190.0,2025-06-02 09:39:01,EDGX,AAPL,BUY,1010,193.91,2025-06-02 09:38:51,EDGX,333.93,334.15,2025-06-02 09:39:00,144.14999999999998,145591.49999999997,3.9099999999999966
T00175-2,O00175,NVDA,SELL,206,216.1,2025-06-02 09:39:02,XNAS,NVDA,SELL,944,217.71,2025-06-02 09:38:42,XNAS,320.14,320.36,2025-06-02 09:39:00,0.0,0.0,1.6100000000000136
T00179-1,O00179,NVDA,BUY,130,309.14,2025-06-02 09:39:04,XNYS,NVDA,BUY,417,300.93,2025-06-02 09:38:54,XNYS,320.14,320.36,2025-06-02 09:39:00,11.220000000000027,1458.6000000000035,8.20999999999998
T00180-1,O00180,TSLA,SELL,1260,87.91,2025-06-02 09:39:07,EDGX,TSLA,SELL,1260,89.95,2025-06-02 09:38:57,EDGX,332.39,332.56,2025-06-02 09:39:00,0.0,0.0,2.0400000000000063
T00181-1,O00181,NVDA,SELL,1443,244.88,2025-06-02 09:39:10,ARCA,NVDA,SELL,1443,234.04,2025-06-02 09:39:00,ARCA,320.14,320.36,2025-06-02 09:39:00,0.0,0.0,10.840000000000003
T00182-1,O00182,TSLA,BUY,604,309.7,2025-06-02 09:39:13,ARCA,TSLA,BUY,972,302.7,2025-06-02 09:39:03,ARCA,332.39,332.56,2025-06-02 09:39:00,22.860000000000014,13807.440000000008,7.0
T00179-2,O00179,NVDA,BUY,287,292.81,2025-06-02 09:39:14,XNYS,NVDA,BUY,417,300.93,2025-06-02 09:38:54,XNYS,320.14,320.36,2025-06-02 09:39:00,27.55000000000001,7906.850000000003,8.120000000000005
T00183-1,O00183,NVDA,BUY,104,103.33,2025-06-02 09:39:16,XNYS,NVDA,BUY,104,101.92,2025-06-02 09:39:06,XNYS,320.14,320.36,2025-06-02 09:39:00,217.03000000000003,22571.120000000003,1.4099999999999966
T00184-1,O00184,MSFT,SELL,659,344.16,2025-06-02 09:39:19,XNAS,MSFT,SELL,700,352.11,2025-06-02 09:39:09,XNAS,309.7,309.74,2025-06-02 09:39:00,34.460000000000036,22709.140000000025,7.949999999999989
T00185-1,O00185,MSFT,SELL,1418,283.21,2025-06-02 09:39:22,ARCA,MSFT,SELL,1418,288.38,2025-06-02 09:39:12,ARCA,309.7,309.74,2025-06-02 09:39:00,0.0,0.0,5.170000000000016
T00182-2,O00182,TSLA,BUY,368,315.1,2025-06-02 09:39:23,ARCA,TSLA,BUY,972,302.7,2025-06-02 09:39:03,ARCA,332.39,332.56,2025-06-02 09:39:00,17.45999999999998,6425.2799999999925,12.400000000000034
T00186-1,O00186,NVDA,SELL,1009,183.86,2025-06-02 09:39:25,XNAS,NVDA,SELL,1146,181.11,2025-06-02 09:39:15,XNAS,320.14,320.36,2025-06-02 09:39:00,0.0,0.0,2.75
T00187-1,O00187,AAPL,BUY,1106,159.27,2025-06-02 09:39:28,XNYS,AAPL,BUY,1106,159.72,2025-06-02 09:39:18,XNYS,333.93,334.15,2025-06-02 09:39:00,174.87999999999997,193417.27999999997,0.44999999999998863
T00184-2,O00184,MSFT,SELL,41,369.15,2025-06-02 09:39:29,XNAS,MSFT,SELL,700,352.11,2025-06-02 09:39:09,XNAS,309.7,309.74,2025-06-02 09:39:00,59.44999999999999,2437.4499999999994,17.039999999999964
T00188-1,O00188,TSLA,SELL,1162,58.19,2025-06-02 09:39:31,XNYS,TSLA,SELL,1162,55.59,2025-06-02 09:39:21,XNYS,45.25,45.33,2025-06-02 09:39:30,12.939999999999998,15036.279999999997,2.5999999999999943
T00189-1,O00189,NVDA,SELL,605,66.1,2025-06-02 09:39:34,EDGX,NVDA,SELL,653,64.32,2025-06-02 09:39:24,EDGX,133.95,134.17,2025-06-02 09:39:30,0.0,0.0,1.7800000000000011
T00186-2,O00186,NVDA,SELL,137,178.73,2025-06-02 09:39:35,XNAS,NVDA,SELL,1146,181.11,2025-06-02 09:39:15,XNAS,133.95,134.17,2025-06-02 09:39:30,44.78,6134.860000000001,2.380000000000024
T00190-1,O00190,TSLA,BUY,562,367.98,2025-06-02 09:39:37,ARCA,TSLA,BUY,577,358.62,2025-06-02 09:39:27,ARCA,45.25,45.33,2025-06-02 09:39:30,0.0,0.0,9.360000000000014
T00191-1,O00191,TSLA,BUY,693,297.49,2025-06-02 09:39:40,EDGX,TSLA,BUY,1220,285.72,2025-06-02 09:39:30,EDGX,45.25,45.33,2025-06-02 09:39:30,0.0,0.0,11.769999999999982
T00192-1,O00192,AAPL,BUY,558,287.39,2025-06-02 09:39:43,XNAS,AAPL,BUY,697,288.48,2025-06-02 09:39:33,XNAS,235.06,235.14,2025-06-02 09:39:30,0.0,0.0,1.0900000000000318
T00189-2,O00189,NVDA,SELL,48,66.06,2025-06-02 09:39:44,EDGX,NVDA,SELL,653,64.32,2025-06-02 09:39:24,EDGX,133.95,134.17,2025-06-02 09:39:30,0.0,0.0,1.740000000000009
T00193-1,O00193,NVDA,SELL,1241,317.91,2025-06-02 09:39:46,EDGX,NVDA,SELL,1241,330.29,2025-06-02 09:39:36,EDGX,133.95,134.17,2025-06-02 09:39:30,183.96000000000004,228294.36000000004,12.379999999999995
T00190-2,O00190,TSLA,BUY,15,363.15,2025-06-02 09:39:47,ARCA,TSLA,BUY,577,358.62,2025-06-02 09:39:27,ARCA,45.25,45.33,2025-06-02 09:39:30,0.0,0.0,4.529999999999973
T00194-1,O00194,AMZN,BUY,521,160.0,2025-06-02 09:39:49,XNAS,AMZN,BUY,1047,164.94,2025-06-02 09:39:39,XNAS,397.3,397.5,2025-06-02 09:39:30,237.5,123737.5,4.939999999999998
T00191-2,O00191,TSLA,BUY,527,299.08,2025-06-02 09:39:50,EDGX,TSLA,BUY,1220,285.72,2025-06-02 09:39:30,EDGX,45.25,45.33,2025-06-02 09:39:30,0.0,0.0,13.359999999999957
T00195-1,O00195,TSLA,BUY,423,296.1,2025-06-02 09:39:52,XNYS,TSLA,BUY,423,291.68,2025-06-02 09:39:42,XNYS,45.25,45.33,2025-06-02 09:39:30,0.0,0.0,4.420000000000016
T00192-2,O00192,AAPL,BUY,139,274.09,2025-06-02 09:39:53,XNAS,AAPL,BUY,697,288.48,2025-06-02 09:39:33,XNAS,235.06,235.14,2025-06-02 09:39:30,0.0,0.0,14.390000000000043
T00196-1,O00196,NVDA,SELL,854,225.22,2025-06-02 09:39:55,XNYS,NVDA,SELL,854,230.55,2025-06-02 09:39:45,XNYS,133.95,134.17,2025-06-02 09:39:30,91.27000000000001,77944.58,5.3300000000000125
T00197-1,O00197,NVDA,BUY,72,376.76,2025-06-02 09:39:58,ARCA,NVDA,BUY,110,384.04,2025-06-02 09:39:48,ARCA,133.95,134.17,2025-06-02 09:39:30,0.0,0.0,7.28000000000003
T00194-2,O00194,AMZN,BUY,526,164.8,2025-06-02 09:39:59,XNAS,AMZN,BUY,1047,164.94,2025-06-02 09:39:39,XNAS,397.3,397.5,2025-06-02 09:39:30,232.7,122400.2,0.13999999999998636
T00198-1,O00198,MSFT,SELL,277,349.99,2025-06-02 09:40:01,ARCA,MSFT,SELL,495,365.62,2025-06-02 09:39:51,ARCA,72.04,72.2,2025-06-02 09:39:30,277.95,76992.15,15.629999999999995
T00199-1,O00199,MSFT,SELL,495,243.67,2025-06-02 09:40:04,ARCA,MSFT,SELL,927,241.26,2025-06-02 09:39:54,ARCA,72.04,72.2,2025-06-02 09:39:30,171.63,84956.84999999999,2.4099999999999966
T00200-1,O00200,AMZN,SELL,1256,379.28,2025-06-02 09:40:07,ARCA,AMZN,SELL,1256,369.77,2025-06-02 09:39:57,ARCA,397.3,397.5,2025-06-02 09:39:30,0.0,0.0,9.509999999999991
T00197-2,O00197,NVDA,BUY,38,382.32,2025-06-02 09:40:08,ARCA,NVDA,BUY,110,384.04,2025-06-02 09:39:48,ARCA,133.95,134.17,2025-06-02 09:39:30,0.0,0.0,1.7200000000000273
T00198-2,O00198,MSFT,SELL,218,361.69,2025-06-02 09:40:11,ARCA,MSFT,SELL,495,365.62,2025-06-02 09:39:51,ARCA,72.04,72.2,2025-06-02 09:39:30,289.65,63143.7,3.930000000000007
T00199-2,O00199,MSFT,SELL,432,236.23,2025-06-02 09:40:14,ARCA,MSFT,SELL,927,241.26,2025-06-02 09:39:54,ARCA,72.04,72.2,2025-06-02 09:39:30,164.19,70930.08,5.030000000000001
